<?xml version="1.0" encoding="UTF-8" ?>
<!DOCTYPE mapper PUBLIC "-//mybatis.org//DTD Mapper 3.0//EN" "http://mybatis.org/dtd/mybatis-3-mapper.dtd">
<mapper namespace="com.thinkgem.jeesite.modules.plat.dao.AddressConfigDao">
    
	<sql id="addressConfigColumns">
		a.id AS "id",
		a.name AS "name",
		a.status AS "status",
		a.create_by AS "createBy.id",
		a.create_date AS "createDate",
		a.update_by AS "updateBy.id",
		a.update_date AS "updateDate"
	</sql>
	
	<sql id="addressConfigJoins">
	</sql>
    
	<select id="get" resultType="AddressConfig">
		SELECT 
			<include refid="addressConfigColumns"/>
		FROM address_config a
		<include refid="addressConfigJoins"/>
		WHERE a.id = #{id}
	</select>
	
	<select id="findList" resultType="AddressConfig">
		SELECT 
			<include refid="addressConfigColumns"/>
		FROM address_config a
		<include refid="addressConfigJoins"/>
		<where>
			
			<if test="name != null and name != ''">
				AND a.name LIKE 
					<if test="dbName == 'oracle'">'%'||#{name}||'%'</if>
					<if test="dbName == 'mssql'">'%'+#{name}+'%'</if>
					<if test="dbName == 'mysql'">concat('%',#{name},'%')</if>
			</if>
			<if test="status != null and status != ''">
				AND a.status = #{status}
			</if>
		</where>
		<choose>
			<when test="page !=null and page.orderBy != null and page.orderBy != ''">
				ORDER BY ${page.orderBy}
			</when>
			<otherwise>
				ORDER BY a.update_date DESC
			</otherwise>
		</choose>
	</select>
	
	<select id="findAllList" resultType="AddressConfig">
		SELECT 
			<include refid="addressConfigColumns"/>
		FROM address_config a
		<include refid="addressConfigJoins"/>
		<where>
			
		</where>		
		<choose>
			<when test="page !=null and page.orderBy != null and page.orderBy != ''">
				ORDER BY ${page.orderBy}
			</when>
			<otherwise>
				ORDER BY a.update_date DESC
			</otherwise>
		</choose>
	</select>
	
	<insert id="insert">
		INSERT INTO address_config(
			id,
			name,
			status,
			create_by,
			create_date,
			update_by,
			update_date
		) VALUES (
			#{id},
			#{name},
			#{status},
			#{createBy.id},
			#{createDate},
			#{updateBy.id},
			#{updateDate}
		)
	</insert>
	
	<update id="update">
		UPDATE address_config SET 	
			name = #{name},
			status = #{status},
			update_by = #{updateBy.id},
			update_date = #{updateDate}
		WHERE id = #{id}
	</update>
	
	<update id="delete">
		DELETE FROM address_config
		WHERE id = #{id}
	</update>
	
</mapper>