<?xml version="1.0" encoding="UTF-8" ?>
<!DOCTYPE mapper PUBLIC "-//mybatis.org//DTD Mapper 3.0//EN" "http://mybatis.org/dtd/mybatis-3-mapper.dtd">
<mapper namespace="com.thinkgem.jeesite.modules.plat.dao.EthTokenVolumeDao">
    
	<sql id="ethTokenVolumeColumns">
		a.id AS "id",
		a.name AS "name",
		a.volume AS "volume",
		a.address AS "address",
		a.create_by AS "createBy.id",
		a.create_date AS "createDate",
		a.update_by AS "updateBy.id",
		a.update_date AS "updateDate"
	</sql>
	
	<sql id="ethTokenVolumeJoins">
	</sql>
    
	<select id="get" resultType="EthTokenVolume">
		SELECT 
			<include refid="ethTokenVolumeColumns"/>
		FROM eth_token_volume a
		<include refid="ethTokenVolumeJoins"/>
		WHERE a.id = #{id}
	</select>
	
	<select id="findList" resultType="EthTokenVolume">
		SELECT 
			<include refid="ethTokenVolumeColumns"/>
		FROM eth_token_volume a
		<include refid="ethTokenVolumeJoins"/>
		<where>
			
			<if test="name != null and name != ''">
				AND a.name LIKE 
					<if test="dbName == 'oracle'">'%'||#{name}||'%'</if>
					<if test="dbName == 'mssql'">'%'+#{name}+'%'</if>
					<if test="dbName == 'mysql'">concat('%',#{name},'%')</if>
			</if>
			<if test="address != null and address != ''">
				AND a.address = #{address}
			</if>
		</where>
		<choose>
			<when test="page !=null and page.orderBy != null and page.orderBy != ''">
				ORDER BY ${page.orderBy}
			</when>
			<otherwise>
				ORDER BY a.update_date DESC
			</otherwise>
		</choose>
	</select>
	
	<select id="findAllList" resultType="EthTokenVolume">
		SELECT 
			<include refid="ethTokenVolumeColumns"/>
		FROM eth_token_volume a
		<include refid="ethTokenVolumeJoins"/>
		<where>
			
		</where>		
		<choose>
			<when test="page !=null and page.orderBy != null and page.orderBy != ''">
				ORDER BY ${page.orderBy}
			</when>
			<otherwise>
				ORDER BY a.update_date DESC
			</otherwise>
		</choose>
	</select>
	
	<insert id="insert">
		INSERT INTO eth_token_volume(
			id,
			name,
			volume,
			address,
			create_by,
			create_date,
			update_by,
			update_date
		) VALUES (
			#{id},
			#{name},
			#{volume},
			#{address},
			#{createBy.id},
			#{createDate},
			#{updateBy.id},
			#{updateDate}
		)
	</insert>
	
	<update id="update">
		UPDATE eth_token_volume SET 	
			name = #{name},
			volume = #{volume},
			address = #{address},
			update_by = #{updateBy.id},
			update_date = #{updateDate}
		WHERE id = #{id}
	</update>
	
	<update id="delete">
		DELETE FROM eth_token_volume
		WHERE id = #{id}
	</update>
	
</mapper>