<?xml version="1.0" encoding="UTF-8" ?>
<!DOCTYPE mapper PUBLIC "-//mybatis.org//DTD Mapper 3.0//EN" "http://mybatis.org/dtd/mybatis-3-mapper.dtd">
<mapper namespace="com.thinkgem.jeesite.modules.plat.dao.OfflineCoinDao">
    
	<sql id="offlineCoinColumns">
		a.id AS "id",
		a.symbol AS "symbol",
		a.coin_id AS "coinId"
	</sql>
	
	<sql id="offlineCoinJoins">
	</sql>
    
	<select id="get" resultType="OfflineCoin">
		SELECT 
			<include refid="offlineCoinColumns"/>
		FROM js_plat_offline_coin a
		<include refid="offlineCoinJoins"/>
		WHERE a.id = #{id}
	</select>
	
	<select id="findList" resultType="OfflineCoin">
		SELECT 
			<include refid="offlineCoinColumns"/>
		FROM js_plat_offline_coin a
		<include refid="offlineCoinJoins"/>
		<where>
			
			<if test="symbol != null and symbol != ''">
				AND a.symbol = #{symbol}
			</if>
		</where>
		<choose>
			<when test="page !=null and page.orderBy != null and page.orderBy != ''">
				ORDER BY ${page.orderBy}
			</when>
			<otherwise>
			</otherwise>
		</choose>
	</select>
	
	<select id="findAllList" resultType="OfflineCoin">
		SELECT 
			<include refid="offlineCoinColumns"/>
		FROM js_plat_offline_coin a
		<include refid="offlineCoinJoins"/>
		<where>
			
		</where>		
		<choose>
			<when test="page !=null and page.orderBy != null and page.orderBy != ''">
				ORDER BY ${page.orderBy}
			</when>
			<otherwise>
			</otherwise>
		</choose>
	</select>
	
	<insert id="insert">
		INSERT INTO js_plat_offline_coin(
			id,
			symbol,
			coin_id
		) VALUES (
			#{id},
			#{symbol},
			#{coinId}
		)
	</insert>
	
	<update id="update">
		UPDATE js_plat_offline_coin SET 	
			symbol = #{symbol},
			coin_id = #{coinId}
		WHERE id = #{id}
	</update>
	
	<update id="delete">
		DELETE FROM js_plat_offline_coin
		WHERE id = #{id}
	</update>
	
</mapper>