<?xml version="1.0" encoding="UTF-8" ?>
<!DOCTYPE mapper PUBLIC "-//mybatis.org//DTD Mapper 3.0//EN" "http://mybatis.org/dtd/mybatis-3-mapper.dtd">
<mapper namespace="com.thinkgem.jeesite.modules.plat.dao.OfflineAppealDao">
    
	<sql id="offlineAppealColumns">
			a.id AS "id",
			a.appeal_user_id AS "appealUserId",
			(SELECT t.real_name FROM js_plat_user t WHERE t.id = a.appeal_user_id LIMIT 1) AS 'appealName',
			a.sub_order_id AS "subOrderId",
			a.sell_user_id AS "sellUserId",
			a.buy_user_id AS "buyUserId",
			a.examine_user_id AS "examineUserId",
			a. STATUS AS "status",
			a.appeal_type AS "appealType",
			a.reason AS "reason",
			a.image_path AS "imagePath",
			a.image_path2 AS "imagePath2",
			a.image_path3 AS "imagePath3",
			a.create_date AS "createDate",
			a.examine_date AS "examineDate",
			a.examine_result_reason AS "examineResultReason",
			(SELECT t.real_name FROM js_plat_user t WHERE t.id = a.buy_user_id LIMIT 1) AS 'buyerName',
			(SELECT t.mobile FROM js_plat_user t WHERE t.id = a.buy_user_id LIMIT 1) AS 'buyerMobile',
			(SELECT t.mail FROM js_plat_user t WHERE t.id = a.buy_user_id LIMIT 1) AS 'buyerMail',
			(SELECT t.real_name FROM js_plat_user t WHERE t.id = a.sell_user_id LIMIT 1) AS 'sellerName',
			(SELECT t.mobile FROM js_plat_user t WHERE t.id = a.sell_user_id LIMIT 1) AS 'sellerMobile',
			(SELECT t.mail FROM js_plat_user t WHERE t.id = a.sell_user_id LIMIT 1) AS 'sellerMail',
			(SELECT t.real_name FROM js_plat_user t WHERE t.id = a.examine_result_user_id LIMIT 1) AS 'examineResultUserName'
	</sql>
	
	<sql id="offlineAppealJoins">
	</sql>
    
	<select id="get" resultType="OfflineAppeal">
		SELECT
			<include refid="offlineAppealColumns"/>
		FROM js_plat_offline_appeal a
		WHERE a.id = #{id}
	</select>
	
	<select id="findList" resultType="OfflineAppeal">
		SELECT
			<include refid="offlineAppealColumns"/>
		FROM js_plat_offline_appeal a
		<include refid="offlineAppealJoins"/>
		<where>
			
			<if test="subOrderId != null and subOrderId != ''">
				AND a.sub_order_id = #{subOrderId}
			</if>
			<if test="status != null and status != ''">
				AND a.status = #{status}
			</if>
			<if test="beginCreateDate != null and endCreateDate != null and beginCreateDate != '' and endCreateDate != ''">
				AND a.create_date BETWEEN #{beginCreateDate} AND #{endCreateDate}
			</if>
			<if test="beginExamineDate != null and endExamineDate != null and beginExamineDate != '' and endExamineDate != ''">
				AND a.examine_date BETWEEN #{beginExamineDate} AND #{endExamineDate}
			</if>
		</where>
		<choose>
			<when test="page !=null and page.orderBy != null and page.orderBy != ''">
				ORDER BY ${page.orderBy}
			</when>
			<otherwise>
			</otherwise>
		</choose>
	</select>
	
	<select id="findAllList" resultType="OfflineAppeal">
		SELECT 
			<include refid="offlineAppealColumns"/>
		FROM js_plat_offline_appeal a
		<include refid="offlineAppealJoins"/>
		<where>
			
		</where>		
		<choose>
			<when test="page !=null and page.orderBy != null and page.orderBy != ''">
				ORDER BY ${page.orderBy}
			</when>
			<otherwise>
			</otherwise>
		</choose>
	</select>
	
	<insert id="insert">
		INSERT INTO js_plat_offline_appeal(
			id,
			appeal_user_id,
			sub_order_id,
			sell_user_id,
			buy_user_id,
			examine_user_id,
			status,
			appeal_type,
			reason,
			image_path,
			image_path2,
			image_path3,
			create_date,
			examine_date
		) VALUES (
			#{id},
			#{appealUserId},
			#{subOrderId},
			#{sellUserId},
			#{buyUserId},
			#{examineUserId},
			#{status},
			#{appealType},
			#{reason},
			#{imagePath},
			#{imagePath2},
			#{imagePath3},
			#{createDate},
			#{examineDate}
		)
	</insert>
	
	<update id="update">
		UPDATE js_plat_offline_appeal SET 	
			appeal_user_id = #{appealUserId},
			sub_order_id = #{subOrderId},
			sell_user_id = #{sellUserId},
			buy_user_id = #{buyUserId},
			examine_user_id = #{examineUserId},
			status = #{status},
			appeal_type = #{appealType},
			reason = #{reason},
			image_path = #{imagePath},
			image_path2 = #{imagePath2},
			image_path3 = #{imagePath3},
			examine_date = #{examineDate}
		WHERE id = #{id}
	</update>
	
	<update id="delete">
		DELETE FROM js_plat_offline_appeal
		WHERE id = #{id}
	</update>
	
</mapper>