<?xml version="1.0" encoding="UTF-8" ?>
<!DOCTYPE mapper PUBLIC "-//mybatis.org//DTD Mapper 3.0//EN" "http://mybatis.org/dtd/mybatis-3-mapper.dtd">
<mapper namespace="com.thinkgem.jeesite.modules.plat.dao.UserWithdrawLogDao">
    
	<sql id="userWithdrawLogColumns">
		a.id AS "id",
		a.user_id AS "userId",
		a.coin_id AS "coinId",
		a.address AS "address",
		a.coin_symbol AS "coinSymbol",
		a.tx_id AS "txId",
		a.status AS "status",
		a.volume AS "volume",
		a.remark AS "remark",
		a.create_date AS "createDate",
		a.update_date AS "updateDate",
		a.create_by AS "createBy.id",
		a.update_by AS "updateBy.id"
	</sql>
	
	<sql id="userWithdrawLogJoins">
	</sql>
    
	<select id="get" resultType="UserWithdrawLog">
		SELECT 
			<include refid="userWithdrawLogColumns"/>
		FROM js_plat_user_withdraw_log a
		<include refid="userWithdrawLogJoins"/>
		WHERE a.id = #{id}
	</select>
	
	<select id="findList" resultType="UserWithdrawLog">
		SELECT 
			<include refid="userWithdrawLogColumns"/>
		FROM js_plat_user_withdraw_log a
		<include refid="userWithdrawLogJoins"/>
		<where>
			
			<if test="userId != null and userId != ''">
				AND a.user_id = #{userId}
			</if>
			<if test="coinSymbol != null and coinSymbol != ''">
				AND a.coin_symbol = #{coinSymbol}
			</if>
			<if test="status != null and status != ''">
				AND a.status = #{status}
			</if>
		</where>
		<choose>
			<when test="page !=null and page.orderBy != null and page.orderBy != ''">
				ORDER BY ${page.orderBy}
			</when>
			<otherwise>
				ORDER BY a.update_date DESC
			</otherwise>
		</choose>
	</select>
	
	<select id="findAllList" resultType="UserWithdrawLog">
		SELECT 
			<include refid="userWithdrawLogColumns"/>
		FROM js_plat_user_withdraw_log a
		<include refid="userWithdrawLogJoins"/>
		<where>
			
		</where>		
		<choose>
			<when test="page !=null and page.orderBy != null and page.orderBy != ''">
				ORDER BY ${page.orderBy}
			</when>
			<otherwise>
				ORDER BY a.update_date DESC
			</otherwise>
		</choose>
	</select>
	
	<insert id="insert">
		INSERT INTO js_plat_user_withdraw_log(
			id,
			user_id,
			coin_id,
			address,
			coin_symbol,
			tx_id,
			status,
			volume,
			create_date,
			update_date,
			create_by,
			update_by
		) VALUES (
			#{id},
			#{userId},
			#{coinId},
			#{address},
			#{coinSymbol},
			#{txId},
			#{status},
			#{volume},
			#{createDate},
			#{updateDate},
			#{createBy.id},
			#{updateBy.id}
		)
	</insert>
	
	<update id="update">
		UPDATE js_plat_user_withdraw_log SET
			status = #{status},
			update_date = #{updateDate},
			update_by = #{updateBy.id}
		WHERE id = #{id}
	</update>
	
	<update id="delete">
		DELETE FROM js_plat_user_withdraw_log
		WHERE id = #{id}
	</update>
	
</mapper>